{
  "success": true,
  "terms": "https:\/\/currencylayer.com\/terms",
  "privacy": "https:\/\/currencylayer.com\/privacy",
  "timestamp": 1552696326,
  "source": "USD",
  "quotes": {
    "USDAED": 3.673042,
    "USDAFN": 75.375041,
    "USDALL": 110.250403,
    "USDAMD": 486.630403,
    "USDANG": 1.825304,
    "USDAOA": 315.606041,
    "USDARS": 39.933041,
    "USDAUD": 1.410204,
    "USDAWG": 1.8,
    "USDAZN": 1.705041,
    "USDBAM": 1.72815,
    "USDBBD": 1.99185,
    "USDBDT": 83.959041,
    "USDBGN": 1.726404,
    "USDBHD": 0.376745,
    "USDBIF": 1831.5,
    "USDBMD": 1,
    "USDBND": 1.35075,
    "USDBOB": 6.91085,
    "USDBRL": 3.814504,
    "USDBSD": 1.00015,
    "USDBTC": 0.000256,
    "USDBTN": 68.962449,
    "USDBWP": 10.720398,
    "USDBYN": 2.132404,
    "USDBYR": 19600,
    "USDBZD": 2.01595,
    "USDCAD": 1.334555,
    "USDCDF": 1631.000362,
    "USDCHF": 1.001604,
    "USDCLF": 0.025048,
    "USDCLP": 670.000361,
    "USDCNY": 6.713504,
    "USDCOP": 3121.5,
    "USDCRC": 601.320395,
    "USDCUC": 1,
    "USDCUP": 26.5,
    "USDCVE": 97.697504,
    "USDCZK": 22.628704,
    "USDDJF": 177.720394,
    "USDDKK": 6.589604,
    "USDDOP": 50.62504,
    "USDDZD": 118.970393,
    "USDEGP": 17.37604,
    "USDERN": 15.000358,
    "USDETB": 28.610392,
    "USDEUR": 0.881485,
    "USDFJD": 2.14504,
    "USDFKP": 0.750025,
    "USDGBP": 0.750865,
    "USDGEL": 2.680391,
    "USDGGP": 0.751921,
    "USDGHS": 5.62039,
    "USDGIP": 0.750025,
    "USDGMD": 49.59039,
    "USDGNF": 9230.000355,
    "USDGTQ": 7.69395,
    "USDGYD": 208.59504,
    "USDHKD": 7.84937,
    "USDHNL": 24.520389,
    "USDHRK": 6.54505,
    "USDHTG": 83.082504,
    "USDHUF": 277.560388,
    "USDIDR": 14255,
    "USDILS": 3.59545,
    "USDIMP": 0.751921,
    "USDINR": 68.96304,
    "USDIQD": 1190,
    "USDIRR": 42105.000352,
    "USDISK": 117.130386,
    "USDJEP": 0.751921,
    "USDJMD": 124.703811,
    "USDJOD": 0.70904,
    "USDJPY": 111.42504,
    "USDKES": 100.180385,
    "USDKGS": 69.818404,
    "USDKHR": 3990.000351,
    "USDKMF": 435.125039,
    "USDKPW": 900.081918,
    "USDKRW": 1134.103792,
    "USDKWD": 0.30396,
    "USDKYD": 0.83351,
    "USDKZT": 379.380383,
    "USDLAK": 8583.503782,
    "USDLBP": 1508.703779,
    "USDLKR": 178.550382,
    "USDLRD": 162.103775,
    "USDLSL": 14.430382,
    "USDLTL": 2.95274,
    "USDLVL": 0.60489,
    "USDLYD": 1.390381,
    "USDMAD": 9.592704,
    "USDMDL": 17.227039,
    "USDMGA": 3495.000347,
    "USDMKD": 54.217039,
    "USDMMK": 1533.15038,
    "USDMNT": 2619.462533,
    "USDMOP": 8.086039,
    "USDMRO": 357.000346,
    "USDMUR": 34.684504,
    "USDMVR": 15.450378,
    "USDMWK": 724.000345,
    "USDMXN": 19.206204,
    "USDMYR": 4.092039,
    "USDMZN": 62.835039,
    "USDNAD": 14.430377,
    "USDNGN": 360.503727,
    "USDNIO": 32.803725,
    "USDNOK": 8.50427,
    "USDNPR": 110.495039,
    "USDNZD": 1.45945,
    "USDOMR": 0.38473,
    "USDPAB": 1.00005,
    "USDPEN": 3.297504,
    "USDPGK": 3.377504,
    "USDPHP": 52.840375,
    "USDPKR": 139.250375,
    "USDPLN": 3.796904,
    "USDPYG": 6114.350374,
    "USDQAR": 3.641104,
    "USDRON": 4.200704,
    "USDRSD": 104.190373,
    "USDRUB": 64.815404,
    "USDRWF": 900,
    "USDSAR": 3.747704,
    "USDSBD": 8.15425,
    "USDSCR": 13.738504,
    "USDSDG": 47.618038,
    "USDSEK": 9.230504,
    "USDSGD": 1.350404,
    "USDSHP": 1.320904,
    "USDSLL": 8750.000339,
    "USDSOS": 582.503667,
    "USDSRD": 7.458038,
    "USDSTD": 21050.59961,
    "USDSVC": 8.75125,
    "USDSYP": 515.000338,
    "USDSZL": 14.42037,
    "USDTHB": 31.635504,
    "USDTJS": 9.43605,
    "USDTMT": 3.51,
    "USDTND": 3.005504,
    "USDTOP": 2.26275,
    "USDTRY": 5.446704,
    "USDTTD": 6.78485,
    "USDTWD": 30.863038,
    "USDTZS": 2345.403635,
    "USDUAH": 26.865038,
    "USDUGX": 3700.450367,
    "USDUSD": 1,
    "USDUYU": 33.410367,
    "USDUZS": 8390.000335,
    "USDVEF": 9.987504,
    "USDVND": 23199.5,
    "USDVUV": 114.374987,
    "USDWST": 2.637932,
    "USDXAF": 579.610365,
    "USDXAG": 0.065381,
    "USDXAU": 0.000768,
    "USDXCD": 2.70265,
    "USDXDR": 0.718128,
    "USDXOF": 585.000332,
    "USDXPF": 105.850364,
    "USDYER": 250.303597,
    "USDZAR": 14.41375,
    "USDZMK": 9001.203593,
    "USDZMW": 11.997037,
    "USDZWL": 322.355011
  }
}